{"cameraMode":{"drawMode":0,"name":"Shaded","section":"Shading Mode"},"sceneLighting":true,"audioPlay":false,"sceneViewState":{"m_AlwaysRefresh":false,"showFog":true,"showSkybox":true,"showFlares":true,"showImageEffects":true,"showParticleSystems":true,"showVisualEffectGraphs":true,"m_FxEnabled":true},"in2DMode":false,"pivot":{"x":17.101055145263673,"y":-1.4966049194335938,"z":17.12910270690918},"rotation":{"x":0.6862347722053528,"y":-0.0032759695313870908,"z":0.0030905669555068018,"w":0.7273655533790588},"size":24.726755142211915,"orthographic":false}